id,package,NC,A,I,D
1,org.apache.hadoop.hdfs.server.namenode,302,0.08609271523178808,0.515,0.3989072847682119
2,org.apache.hadoop.mapred,273,0.12087912087912088,0.5987158908507223,0.2804049882701568
3,org.apache.hadoop.hdfs,241,0.016597510373443983,0.7857793983591613,0.19762309126739463
4,org.apache.hadoop.fs,230,0.20434782608695654,0.9257079808753218,0.13005580696227836
5,org.apache.hadoop.util,178,0.0898876404494382,0.918967587034814,0.00885522748425216
6,org.apache.hadoop.hdfs.server.datanode,125,0.056,0.6458333333333334,0.2981666666666666
7,org.apache.hadoop.fs.s3a,103,0.04854368932038835,0.4782608695652174,0.47319544111439427
8,org.apache.hadoop.hdfs.server.blockmanagement,103,0.07766990291262135,0.6221374045801527,0.300192692507226
9,org.apache.hadoop.yarn.api.protocolrecords,101,0.9702970297029703,0.7955010224948875,0.7657980521978578
10,org.apache.hadoop.yarn.api.protocolrecords.impl.pb,99,0.0,0.24427480916030533,0.7557251908396947
11,org.apache.hadoop.yarn.server.resourcemanager,99,0.10101010101010101,0.7675544794188862,0.1314354195710128
12,org.apache.hadoop.fs.azure,98,0.07142857142857142,0.1134020618556701,0.8151693667157585
13,org.apache.hadoop.mapreduce,96,0.1875,0.86731843575419,0.0548184357541901
14,org.apache.hadoop.io,91,0.13186813186813187,0.942572741194487,0.07444087306261893
15,org.apache.hadoop.yarn.api.records,89,0.6404494382022472,0.9511627906976744,0.5916122288999217
16,org.apache.hadoop.hdfs.protocol,86,0.06976744186046512,0.8950863213811421,0.03514623675839279
17,org.apache.hadoop.ipc,86,0.22093023255813954,0.838495575221239,0.05942580777937856
18,org.apache.hadoop.security,77,0.05194805194805195,0.9376718606782768,0.010380087373671243
19,org.apache.hadoop.tools.rumen,76,0.14473684210526316,0.40963855421686746,0.4456246036778694
20,org.apache.hadoop.yarn.server.resourcemanager.webapp.dao,76,0.0,0.5,0.5
21,org.apache.hadoop.yarn.server.resourcemanager.scheduler.capacity,73,0.0958904109589041,0.6634146341463415,0.24069495489475434
22,org.apache.hadoop.streaming,64,0.03125,0.2535211267605634,0.7152288732394366
23,org.apache.hadoop.mapred.gridmix,63,0.031746031746031744,0.07936507936507936,0.8888888888888888
24,org.apache.hadoop.yarn.api.records.impl.pb,62,0.016129032258064516,0.7479674796747967,0.2359034880671388
25,org.apache.hadoop.yarn.server.resourcemanager.webapp,61,0.01639344262295082,0.24358974358974358,0.7400168137873055
26,org.apache.hadoop.yarn.server.resourcemanager.scheduler.fair,59,0.06779661016949153,0.5299145299145299,0.4022888599159785
27,org.apache.hadoop.hdfs.server.federation.router,58,0.08620689655172414,0.4387755102040816,0.47501759324419424
28,org.apache.hadoop.tools,58,0.1206896551724138,0.48148148148148145,0.3978288633461048
29,org.apache.hadoop.yarn.server.resourcemanager.scheduler,58,0.22413793103448276,0.8260869565217391,0.0502248875562219
30,org.apache.hadoop.hdfs.web.resources,56,0.03571428571428571,0.5,0.4642857142857143
31,org.apache.hadoop.yarn.server.api.protocolrecords,56,0.8928571428571429,0.7714285714285715,0.6642857142857144
32,org.apache.hadoop.hdfs.server.namenode.ha,55,0.07272727272727272,0.40217391304347827,0.525098814229249
33,org.apache.hadoop.yarn.server.nodemanager,55,0.12727272727272726,0.7315789473684211,0.1411483253588517
34,org.apache.hadoop.yarn.server.api.protocolrecords.impl.pb,52,0.0,0.34177215189873417,0.6582278481012658
35,org.apache.hadoop.yarn.util,50,0.1,0.936923076923077,0.03692307692307706
36,org.apache.hadoop.hdfs.server.namenode.snapshot,48,0.0625,0.4482758620689655,0.4892241379310345
37,org.apache.hadoop.hdfs.server.protocol,48,0.1875,0.8436363636363636,0.03113636363636374
38,org.apache.hadoop.io.erasurecode.rawcoder,47,0.1276595744680851,0.4246575342465753,0.44768289128533956
39,org.apache.hadoop.mapreduce.lib.input,47,0.06382978723404255,0.6492537313432836,0.2869164814226739
40,org.apache.hadoop.fs.viewfs,45,0.022222222222222223,0.22413793103448276,0.753639846743295
41,org.apache.hadoop.mapred.lib,45,0.06666666666666667,0.4,0.5333333333333333
42,org.apache.hadoop.hdfs.util,42,0.09523809523809523,0.8132530120481928,0.09150889271371199
43,org.apache.hadoop.fs.azurebfs,41,0.024390243902439025,0.13043478260869565,0.8451749734888654
44,org.apache.hadoop.fs.shell,41,0.0,0.3870967741935484,0.6129032258064516
45,org.apache.hadoop.ozone.om,41,0.14634146341463414,0.2653061224489796,0.5883524141363863
46,org.apache.hadoop.yarn.server.timelineservice.storage.common,41,0.24390243902439024,0.7,0.056097560975609806
47,org.apache.hadoop.fs.slive,39,0.0,0.034482758620689655,0.9655172413793104
48,org.apache.hadoop.test,39,0.1794871794871795,0.9701280227596017,0.14961520224678115
49,org.apache.hadoop.yarn.server.resourcemanager.reservation,39,0.3333333333333333,0.6509433962264151,0.01572327044025168
50,org.apache.hadoop.ha,38,0.21052631578947367,0.64,0.14947368421052631
51,org.apache.hadoop.hdfs.protocolPB,38,0.2631578947368421,0.6956521739130435,0.041189931350114506
52,org.apache.hadoop.mapreduce.jobhistory,38,0.05263157894736842,0.5131578947368421,0.4342105263157894
53,org.apache.hadoop.mapreduce.v2.hs,38,0.07894736842105263,0.39344262295081966,0.5276100086281277
54,org.apache.hadoop.yarn.server.timeline,37,0.10810810810810811,0.4262295081967213,0.46566238369517055
55,org.apache.hadoop.hdfs.server.datanode.fsdataset.impl,36,0.08333333333333333,0.4626865671641791,0.4539800995024875
56,org.apache.hadoop.hdfs.server.federation.store.protocol.impl.pb,36,0.0,0.18181818181818182,0.8181818181818181
57,org.apache.hadoop.mapreduce.v2.app.webapp,36,0.027777777777777776,0.30612244897959184,0.6660997732426304
58,org.apache.hadoop.metrics2.impl,36,0.0,0.45614035087719296,0.543859649122807
59,org.apache.hadoop.yarn.server.nodemanager.containermanager.linux.resources,36,0.19444444444444445,0.4,0.40555555555555556
60,org.apache.hadoop.hdfs.server.federation.store.protocol,35,0.9714285714285714,0.6568627450980392,0.6282913165266106
61,org.apache.hadoop.io.compress,35,0.2571428571428571,0.7898550724637681,0.04699792960662519
62,org.apache.hadoop.io.file.tfile,35,0.02857142857142857,0.125,0.8464285714285714
63,org.apache.hadoop.net,35,0.14285714285714285,0.9113573407202216,0.05421448357736436
64,org.apache.hadoop.yarn.client.api.impl,35,0.05714285714285714,0.423728813559322,0.5191283292978208
65,org.apache.hadoop.yarn.server.resourcemanager.recovery,35,0.05714285714285714,0.6071428571428571,0.33571428571428574
66,org.apache.hadoop.yarn.server.federation.store.records,34,0.8823529411764706,0.7659574468085106,0.6483103879849812
67,org.apache.hadoop.fs.s3a.s3guard,33,0.21212121212121213,0.24390243902439024,0.5439763488543976
68,org.apache.hadoop.hdfs.web,33,0.030303030303030304,0.6521739130434783,0.31752305665349145
69,org.apache.hadoop.mapreduce.v2.app.job.event,33,0.0,0.5774647887323944,0.4225352112676056
70,org.apache.hadoop.mapreduce.v2.hs.webapp,32,0.0,0.030303030303030304,0.9696969696969697
71,org.apache.hadoop.metrics2.lib,32,0.09375,0.8235294117647058,0.08272058823529416
72,org.apache.hadoop.yarn.server.federation.store.records.impl.pb,31,0.0,0.0625,0.9375
73,org.apache.hadoop.yarn.server.router.webapp,31,0.0967741935483871,0.034482758620689655,0.8687430478309233
74,org.apache.hadoop.yarn.server.timelineservice.reader,31,0.03225806451612903,0.5098039215686274,0.4579380139152436
75,org.apache.hadoop.yarn.webapp,31,0.2903225806451613,0.8760683760683761,0.16639095671353732
76,org.apache.hadoop.hdfs.tools,30,0.0,0.6296296296296297,0.37037037037037035
77,org.apache.hadoop.yarn.server.timelineservice.storage.flow,30,0.0,0.4375,0.5625
78,org.apache.hadoop.fs.s3a.commit,29,0.20689655172413793,0.5833333333333334,0.20977011494252873
79,org.apache.hadoop.mapreduce.v2.api.protocolrecords,29,0.9655172413793104,0.6714285714285714,0.6369458128078818
80,org.apache.hadoop.mapreduce.v2.api.protocolrecords.impl.pb,29,0.0,0.12121212121212122,0.8787878787878788
81,org.apache.hadoop.mapreduce.v2.app,29,0.06896551724137931,0.7456140350877193,0.18542044767090138
82,org.apache.hadoop.yarn.server.resourcemanager.monitor.capacity,29,0.06896551724137931,0.17142857142857143,0.7596059113300493
83,org.apache.hadoop.mapreduce.lib.db,28,0.07142857142857142,0.07407407407407407,0.8544973544973545
84,org.apache.hadoop.mapreduce.lib.output,28,0.10714285714285714,0.7723577235772358,0.12049941927990715
85,org.apache.hadoop.yarn.server.nodemanager.webapp,28,0.0,0.10344827586206896,0.896551724137931
86,org.apache.hadoop.fs.azurebfs.services,27,0.037037037037037035,0.41025641025641024,0.5527065527065527
87,org.apache.hadoop.hdfs.tools.offlineImageViewer,27,0.0,0.08695652173913043,0.9130434782608696
88,org.apache.hadoop.http,27,0.1111111111111111,0.8875,0.001388888888888884
89,org.apache.hadoop.conf,26,0.15384615384615385,0.9952045133991537,0.14905066724530758
90,org.apache.hadoop.mapreduce.task.reduce,26,0.19230769230769232,0.13793103448275862,0.669761273209549
91,org.apache.hadoop.yarn.webapp.view,26,0.15384615384615385,0.7684210526315789,0.07773279352226725
92,org.apache.hadoop.oncrpc,25,0.12,0.8787878787878788,0.00121212121212122
93,org.apache.hadoop.yarn.api,25,0.48,0.9060150375939849,0.3860150375939848
94,org.apache.hadoop.yarn.client,25,0.12,0.6153846153846154,0.2646153846153846
95,org.apache.hadoop.yarn.server.api,25,0.64,0.823076923076923,0.46307692307692294
96,org.apache.hadoop.yarn.server.nodemanager.containermanager.linux.runtime.docker,25,0.04,0.2727272727272727,0.6872727272727273
97,org.apache.hadoop.cli.util,24,0.16666666666666666,0.6363636363636364,0.19696969696969702
98,org.apache.hadoop.hdfs.nfs.nfs3,24,0.0,0.125,0.875
99,org.apache.hadoop.nfs.nfs3.request,24,0.08333333333333333,0.22580645161290322,0.6908602150537635
100,org.apache.hadoop.nfs.nfs3.response,24,0.0,0.3142857142857143,0.6857142857142857
101,org.apache.hadoop.ozone,24,0.08333333333333333,0.907608695652174,0.009057971014492683
102,org.apache.hadoop.ozone.s3.endpoint,24,0.0,0.0,1.0
103,org.apache.hadoop.security.authentication.util,24,0.08333333333333333,0.6415094339622641,0.2751572327044025
104,org.apache.hadoop.yarn.service,24,0.08333333333333333,0.5208333333333334,0.39583333333333326
105,org.apache.hadoop.crypto,23,0.21739130434782608,0.6140350877192983,0.16857360793287568
106,org.apache.hadoop.crypto.key.kms.server,23,0.0,0.17857142857142858,0.8214285714285714
107,org.apache.hadoop.hdds.scm.container,23,0.043478260869565216,0.7901234567901234,0.1663982823403114
108,org.apache.hadoop.hdds.scm.pipeline,23,0.08695652173913043,0.7590361445783133,0.15400733368255626
109,org.apache.hadoop.io.erasurecode.coder,23,0.30434782608695654,0.2413793103448276,0.45427286356821583
110,org.apache.hadoop.mapreduce.v2.api.records,23,0.4782608695652174,0.9689922480620154,0.44725311762723274
111,org.apache.hadoop.yarn.api.records.timelineservice,23,0.043478260869565216,0.8,0.15652173913043477
112,org.apache.hadoop.yarn.service.utils,23,0.043478260869565216,0.6896551724137931,0.26686656671664166
113,org.apache.hadoop.fs.adl.live,22,0.0,0.0,1.0
114,org.apache.hadoop.hdds.scm,22,0.045454545454545456,0.8888888888888888,0.06565656565656575
115,org.apache.hadoop.mapreduce.v2.app.webapp.dao,22,0.045454545454545456,0.5161290322580645,0.4384164222873901
116,org.apache.hadoop.security.authentication.server,22,0.13636363636363635,0.711864406779661,0.15177195685670264
117,org.apache.hadoop.yarn.server.nodemanager.containermanager.localizer,22,0.0,0.6666666666666666,0.33333333333333337
118,org.apache.hadoop.yarn.server.timelineservice.storage,22,0.13636363636363635,0.5625,0.30113636363636365
119,org.apache.hadoop.yarn.service.api.records,22,0.0,0.7666666666666667,0.23333333333333328
120,org.apache.hadoop.fs.swift,21,0.047619047619047616,0.20833333333333334,0.7440476190476191
121,org.apache.hadoop.ozone.client,21,0.0,0.7794117647058824,0.22058823529411764
122,org.apache.hadoop.yarn.exceptions,21,0.0,0.9709724238026125,0.029027576197387495
123,org.apache.hadoop.fs.aliyun.oss,20,0.05,0.0,0.95
124,org.apache.hadoop.fs.shell.find,20,0.15,0.10526315789473684,0.7447368421052631
125,org.apache.hadoop.hdds.scm.node,20,0.15,0.5909090909090909,0.25909090909090904
126,org.apache.hadoop.hdfs.client.impl,20,0.0,0.6274509803921569,0.37254901960784315
127,org.apache.hadoop.io.retry,20,0.15,0.8333333333333334,0.016666666666666607
128,org.apache.hadoop.mapred.join,20,0.3,0.0,0.7
129,org.apache.hadoop.mapreduce.lib.join,20,0.3,0.047619047619047616,0.6523809523809524
130,org.apache.hadoop.utils,20,0.3,0.75,0.050000000000000044
131,org.apache.hadoop.yarn.server.nodemanager.containermanager.container,20,0.05,0.8767123287671232,0.07328767123287672
132,org.apache.hadoop.crypto.key,19,0.21052631578947367,0.7090909090909091,0.08038277511961722
133,org.apache.hadoop.examples,19,0.0,0.1,0.9
134,org.apache.hadoop.fs.s3a.commit.staging,19,0.0,0.3793103448275862,0.6206896551724138
135,org.apache.hadoop.hdfs.server.federation.store,19,0.3684210526315789,0.6909090909090909,0.0593301435406699
136,org.apache.hadoop.lib.wsrs,19,0.47368421052631576,0.21052631578947367,0.3157894736842106
137,org.apache.hadoop.mapred.lib.aggregate,19,0.15789473684210525,0.05,0.7921052631578948
138,org.apache.hadoop.mapred.nativetask,19,0.42105263157894735,0.6346153846153846,0.055668016194331926
139,org.apache.hadoop.mapred.nativetask.serde,19,0.10526315789473684,0.2962962962962963,0.5984405458089669
140,org.apache.hadoop.mapreduce.lib.aggregate,19,0.10526315789473684,0.09523809523809523,0.7994987468671679
141,org.apache.hadoop.yarn,19,0.0,0.6481481481481481,0.35185185185185186
142,org.apache.hadoop.yarn.security,19,0.05263157894736842,0.8888888888888888,0.0584795321637428
143,org.apache.hadoop.yarn.server.resourcemanager.reservation.planning,19,0.2631578947368421,0.32142857142857145,0.41541353383458646
144,org.apache.hadoop.fs.contract,18,0.9444444444444444,0.92018779342723,0.8646322378716744
145,org.apache.hadoop.fs.permission,18,0.0,0.9633620689655172,0.03663793103448276
146,org.apache.hadoop.hdfs.protocol.datatransfer,18,0.16666666666666666,0.7763157894736842,0.05701754385964919
147,org.apache.hadoop.hdfs.qjournal.client,18,0.0,0.36,0.64
148,org.apache.hadoop.hdfs.server.federation.resolver,18,0.2222222222222222,0.7837837837837838,0.006006006006006093
149,org.apache.hadoop.mapred.pipes,18,0.0,0.0,1.0
150,org.apache.hadoop.metrics2,18,0.6666666666666666,0.9123711340206185,0.5790378006872852
151,org.apache.hadoop.service.launcher,18,0.2222222222222222,0.34615384615384615,0.43162393162393164
152,org.apache.hadoop.yarn.client.cli,18,0.05555555555555555,0.14285714285714285,0.8015873015873016
153,org.apache.hadoop.yarn.nodelabels,18,0.2777777777777778,0.825,0.10277777777777786
154,org.apache.hadoop.yarn.server.applicationhistoryservice,18,0.2222222222222222,0.35714285714285715,0.4206349206349207
155,org.apache.hadoop.yarn.server.resourcemanager.security,18,0.0,0.7721518987341772,0.22784810126582278
156,org.apache.hadoop.fs.azurebfs.contract,17,0.0,0.0,1.0
157,org.apache.hadoop.hdfs.server.balancer,17,0.058823529411764705,0.5588235294117647,0.38235294117647056
158,org.apache.hadoop.hdfs.server.common,17,0.29411764705882354,0.9166666666666666,0.2107843137254901
159,org.apache.hadoop.ozone.container.common.impl,17,0.058823529411764705,0.7407407407407407,0.20043572984749458
160,org.apache.hadoop.service,17,0.17647058823529413,0.9330708661417323,0.10954145437702634
161,org.apache.hadoop.yarn.server.resourcemanager.scheduler.capacity.conf,17,0.17647058823529413,0.1111111111111111,0.7124183006535948
162,org.apache.hadoop.yarn.server.resourcemanager.scheduler.constraint,17,0.23529411764705882,0.48484848484848486,0.27985739750445626
163,org.apache.hadoop.fs.http.server,16,0.0,0.058823529411764705,0.9411764705882353
164,org.apache.hadoop.mapreduce.v2,16,0.0,0.5,0.5
165,org.apache.hadoop.ozone.web.handlers,16,0.1875,0.625,0.1875
166,org.apache.hadoop.registry.server.dns,16,0.1875,0.16666666666666666,0.6458333333333334
167,org.apache.hadoop.security.authorize,16,0.1875,0.9090909090909091,0.09659090909090917
168,org.apache.hadoop.security.token.delegation.web,16,0.125,0.7037037037037037,0.17129629629629628
169,org.apache.hadoop.utils.db,16,0.1875,0.3684210526315789,0.444078947368421
170,org.apache.hadoop.yarn.server.federation.policies.manager,16,0.1875,0.375,0.4375
171,org.apache.hadoop.yarn.server.federation.policies.router,16,0.1875,0.5588235294117647,0.2536764705882353
172,org.apache.hadoop.yarn.server.nodemanager.containermanager.localizer.event,16,0.0,0.5172413793103449,0.48275862068965514
173,org.apache.hadoop.yarn.server.resourcemanager.scheduler.event,16,0.0,0.8255813953488372,0.17441860465116277
174,org.apache.hadoop.yarn.server.router.clientrm,16,0.1875,0.125,0.6875
175,org.apache.hadoop.hdds.server.events,15,0.4,0.8947368421052632,0.2947368421052632
176,org.apache.hadoop.hdfs.qjournal.server,15,0.06666666666666667,0.375,0.5583333333333333
177,org.apache.hadoop.hdfs.server.datanode.checker,15,0.2,0.4166666666666667,0.3833333333333333
178,org.apache.hadoop.io.erasurecode,15,0.13333333333333333,0.8974358974358975,0.030769230769230882
179,org.apache.hadoop.mapreduce.lib.partition,15,0.0,0.125,0.875
180,org.apache.hadoop.mapreduce.v2.app.rm,15,0.26666666666666666,0.59375,0.1395833333333334
181,org.apache.hadoop.metrics2.util,15,0.13333333333333333,0.8076923076923077,0.05897435897435899
182,org.apache.hadoop.ozone.audit,15,0.2,0.5555555555555556,0.24444444444444446
183,org.apache.hadoop.ozone.container.replication,15,0.2,0.35714285714285715,0.44285714285714284
184,org.apache.hadoop.ozone.s3,15,0.0,0.25,0.75
185,org.apache.hadoop.yarn.logaggregation,15,0.0,0.6666666666666666,0.33333333333333337
186,org.apache.hadoop.yarn.server,15,0.0,0.7142857142857143,0.2857142857142857
187,org.apache.hadoop.yarn.server.applicationhistoryservice.webapp,15,0.0,0.11764705882352941,0.8823529411764706
188,org.apache.hadoop.yarn.server.nodemanager.amrmproxy,15,0.26666666666666666,0.2857142857142857,0.4476190476190476
189,org.apache.hadoop.yarn.server.resourcemanager.rmapp,15,0.06666666666666667,0.9289617486338798,0.0043715846994535346
190,org.apache.hadoop.yarn.server.resourcemanager.rmnode,15,0.06666666666666667,0.8842975206611571,0.04903581267217627
191,org.apache.hadoop.yarn.server.timelineservice.collector,15,0.06666666666666667,0.6666666666666666,0.2666666666666667
192,org.apache.hadoop.cli,14,0.0,0.13333333333333333,0.8666666666666667
193,org.apache.hadoop.fs.adl,14,0.0,0.2,0.8
194,org.apache.hadoop.fs.azurebfs.contracts.exceptions,14,0.07142857142857142,0.65,0.2785714285714286
195,org.apache.hadoop.fs.contract.hdfs,14,0.0,0.125,0.875
196,org.apache.hadoop.fs.s3a.scale,14,0.14285714285714285,0.125,0.7321428571428572
197,org.apache.hadoop.hdfs.server.namenode.sps,14,0.35714285714285715,0.48148148148148145,0.1613756613756614
198,org.apache.hadoop.hdfs.server.namenode.startupprogress,14,0.0,0.5384615384615384,0.46153846153846156
199,org.apache.hadoop.security.token,14,0.42857142857142855,0.9615384615384616,0.39010989010989006
200,org.apache.hadoop.tools.mapred,14,0.0,0.2631578947368421,0.736842105263158
201,org.apache.hadoop.tracing,14,0.14285714285714285,0.4166666666666667,0.44047619047619047
202,org.apache.hadoop.yarn.client.api,14,0.6428571428571429,0.8631578947368421,0.5060150375939849
203,org.apache.hadoop.yarn.security.client,14,0.14285714285714285,0.8313253012048193,0.025817555938037806
204,org.apache.hadoop.yarn.server.nodemanager.containermanager.monitor,14,0.07142857142857142,0.48,0.4485714285714286
205,org.apache.hadoop.yarn.server.nodemanager.nodelabels,14,0.35714285714285715,0.2777777777777778,0.3650793650793651
206,org.apache.hadoop.yarn.server.resourcemanager.scheduler.placement,14,0.21428571428571427,0.6666666666666666,0.11904761904761907
207,org.apache.hadoop.yarn.server.resourcemanager.scheduler.policy,14,0.21428571428571427,0.45,0.33571428571428574
208,org.apache.hadoop.yarn.server.sharedcachemanager,14,0.07142857142857142,0.2631578947368421,0.6654135338345865
209,org.apache.hadoop.hdds.scm.block,13,0.23076923076923078,0.375,0.39423076923076916
210,org.apache.hadoop.hdfs.server.federation.store.records,13,0.5384615384615384,0.8791208791208791,0.41758241758241743
211,org.apache.hadoop.ozone.container.common,13,0.0,0.7777777777777778,0.2222222222222222
212,org.apache.hadoop.ozone.web,13,0.0,0.1,0.9
213,org.apache.hadoop.service.launcher.testservices,13,0.0,0.35714285714285715,0.6428571428571428
214,org.apache.hadoop.yarn.applications.distributedshell,13,0.0,0.08333333333333333,0.9166666666666666
215,org.apache.hadoop.yarn.server.nodemanager.containermanager.launcher,13,0.0,0.5555555555555556,0.4444444444444444
216,org.apache.hadoop.yarn.server.nodemanager.containermanager.logaggregation,13,0.15384615384615385,0.13333333333333333,0.7128205128205128
217,org.apache.hadoop.yarn.server.resourcemanager.nodelabels,13,0.07692307692307693,0.8878504672897196,0.035226455787203514
218,org.apache.hadoop.yarn.server.resourcemanager.rmcontainer,13,0.07692307692307693,0.9140625,0.009014423076923128
219,org.apache.hadoop.yarn.sls.scheduler,13,0.15384615384615385,0.4,0.4461538461538461
220,org.apache.hadoop.examples.terasort,12,0.0,0.08333333333333333,0.9166666666666666
221,org.apache.hadoop.fs.contract.localfs,12,0.0,0.2,0.8
222,org.apache.hadoop.fs.contract.rawlocal,12,0.0,0.07692307692307693,0.9230769230769231
223,org.apache.hadoop.fs.contract.router,12,0.0,0.0,1.0
224,org.apache.hadoop.fs.swift.exceptions,12,0.0,0.8,0.19999999999999996
225,org.apache.hadoop.hdfs.net,12,0.16666666666666666,0.7391304347826086,0.09420289855072472
226,org.apache.hadoop.hdfs.server.datanode.erasurecode,12,0.08333333333333333,0.14285714285714285,0.7738095238095238
227,org.apache.hadoop.hdfs.server.datanode.fsdataset,12,0.3333333333333333,0.9074074074074074,0.2407407407407407
228,org.apache.hadoop.hdfs.web.oauth2,12,0.16666666666666666,0.14285714285714285,0.6904761904761905
229,org.apache.hadoop.mapreduce.v2.api.records.impl.pb,12,0.0,0.6756756756756757,0.32432432432432434
230,org.apache.hadoop.mapreduce.v2.app.job.impl,12,0.16666666666666666,0.5862068965517241,0.24712643678160928
231,org.apache.hadoop.mapreduce.v2.app.speculate,12,0.16666666666666666,0.3333333333333333,0.5
232,org.apache.hadoop.metrics2.sink,12,0.0,0.2,0.8
233,org.apache.hadoop.oncrpc.security,12,0.3333333333333333,0.8064516129032258,0.13978494623655902
234,org.apache.hadoop.ozone.container.common.interfaces,12,0.8333333333333334,0.8,0.6333333333333333
235,org.apache.hadoop.ozone.container.common.report,12,0.08333333333333333,0.09090909090909091,0.8257575757575757
236,org.apache.hadoop.ozone.container.keyvalue,12,0.0,0.7441860465116279,0.2558139534883721
237,org.apache.hadoop.ozone.freon,12,0.0,0.125,0.875
238,org.apache.hadoop.ozone.om.helpers,12,0.0,0.8163265306122449,0.18367346938775508
239,org.apache.hadoop.ozone.protocol.commands,12,0.08333333333333333,0.7727272727272727,0.14393939393939392
240,org.apache.hadoop.ozone.protocolPB,12,0.08333333333333333,0.5625,0.35416666666666663
241,org.apache.hadoop.streaming.io,12,0.16666666666666666,0.26666666666666666,0.5666666666666667
242,org.apache.hadoop.tools.util,12,0.16666666666666666,0.7419354838709677,0.09139784946236562
243,org.apache.hadoop.yarn.api.records.timeline,12,0.0,0.8208955223880597,0.17910447761194026
244,org.apache.hadoop.yarn.server.resourcemanager.placement,12,0.08333333333333333,0.55,0.3666666666666666
245,org.apache.hadoop.yarn.server.resourcemanager.rmapp.attempt,12,0.08333333333333333,0.9212598425196851,0.0045931758530184386
246,org.apache.hadoop.yarn.server.webproxy,12,0.0,0.5384615384615384,0.46153846153846156
247,org.apache.hadoop.contrib.utils.join,11,0.45454545454545453,0.25,0.2954545454545454
248,org.apache.hadoop.fs.azure.metrics,11,0.0,0.4,0.6
249,org.apache.hadoop.fs.contract.router.web,11,0.0,0.0,1.0
250,org.apache.hadoop.fs.contract.s3a,11,0.0,0.3888888888888889,0.6111111111111112
251,org.apache.hadoop.fs.swift.auth,11,0.0,0.6666666666666666,0.33333333333333337
252,org.apache.hadoop.hdds.scm.container.replication,11,0.09090909090909091,0.46153846153846156,0.4475524475524475
253,org.apache.hadoop.hdds.scm.node.states,11,0.0,0.6428571428571429,0.3571428571428571
254,org.apache.hadoop.hdds.scm.server,11,0.09090909090909091,0.75,0.15909090909090906
255,org.apache.hadoop.hdfs.server.diskbalancer,11,0.0,0.6363636363636364,0.36363636363636365
256,org.apache.hadoop.hdfs.server.federation.metrics,11,0.2727272727272727,0.5769230769230769,0.15034965034965042
257,org.apache.hadoop.hdfs.server.federation.resolver.order,11,0.18181818181818182,0.5454545454545454,0.2727272727272727
258,org.apache.hadoop.hdfs.shortcircuit,11,0.0,0.5416666666666666,0.45833333333333337
259,org.apache.hadoop.hdfs.tools.offlineEditsViewer,11,0.0,0.16666666666666666,0.8333333333333334
260,org.apache.hadoop.io.compress.bzip2,11,0.09090909090909091,0.3076923076923077,0.6013986013986014
261,org.apache.hadoop.io.serializer,11,0.36363636363636365,0.6666666666666666,0.030303030303030276
262,org.apache.hadoop.mapred.nativetask.buffer,11,0.18181818181818182,0.5714285714285714,0.24675324675324672
263,org.apache.hadoop.mapreduce.checkpoint,11,0.2727272727272727,0.6111111111111112,0.11616161616161613
264,org.apache.hadoop.mapreduce.counters,11,0.6363636363636364,0.42105263157894735,0.05741626794258359
265,org.apache.hadoop.ozone.lease,11,0.0,0.875,0.125
266,org.apache.hadoop.registry.client.impl.zk,11,0.45454545454545453,0.6190476190476191,0.07359307359307365
267,org.apache.hadoop.tools.rumen.datatypes,11,0.2727272727272727,0.7,0.027272727272727337
268,org.apache.hadoop.yarn.server.federation.policies,11,0.2727272727272727,0.7567567567567568,0.029484029484029506
269,org.apache.hadoop.yarn.server.federation.policies.amrmproxy,11,0.18181818181818182,0.6551724137931034,0.1630094043887147
270,org.apache.hadoop.yarn.server.nodemanager.containermanager,11,0.18181818181818182,0.782608695652174,0.035573122529644285
271,org.apache.hadoop.yarn.server.nodemanager.containermanager.application,11,0.09090909090909091,0.8421052631578947,0.06698564593301437
272,org.apache.hadoop.yarn.server.nodemanager.containermanager.scheduler,11,0.09090909090909091,0.3076923076923077,0.6013986013986014
273,org.apache.hadoop.yarn.server.timelineservice.reader.filter,11,0.09090909090909091,0.65625,0.25284090909090906
274,org.apache.hadoop.yarn.server.webapp,11,0.09090909090909091,0.7222222222222222,0.18686868686868685
275,org.apache.hadoop.yarn.service.client,11,0.0,0.5217391304347826,0.4782608695652174
276,org.apache.hadoop.yarn.service.component,11,0.09090909090909091,0.64,0.26909090909090905
277,org.apache.hadoop.yarn.state,11,0.45454545454545453,0.6774193548387096,0.1319648093841641
278,org.apache.hadoop.fs.aliyun.oss.contract,10,0.0,0.09090909090909091,0.9090909090909091
279,org.apache.hadoop.fs.azure.contract,10,0.0,0.0,1.0
280,org.apache.hadoop.fs.azurebfs.oauth2,10,0.1,0.6666666666666666,0.2333333333333334
281,org.apache.hadoop.fs.ozone,10,0.0,0.0,1.0
282,org.apache.hadoop.fs.ozone.contract,10,0.0,0.0,1.0
283,org.apache.hadoop.hdfs.protocol.datatransfer.sasl,10,0.2,0.6428571428571429,0.15714285714285703
284,org.apache.hadoop.hdfs.security.token.block,10,0.0,0.8809523809523809,0.11904761904761907
285,org.apache.hadoop.mapreduce.util,10,0.0,0.71875,0.28125
286,org.apache.hadoop.ozone.container.common.helpers,10,0.0,0.8222222222222222,0.1777777777777778
287,org.apache.hadoop.ozone.container.common.statemachine.commandhandler,10,0.1,0.0,0.9
288,org.apache.hadoop.ozone.container.common.volume,10,0.0,0.7714285714285715,0.22857142857142854
289,org.apache.hadoop.ozone.web.response,10,0.0,0.5555555555555556,0.4444444444444444
290,org.apache.hadoop.record,10,0.5,0.3333333333333333,0.16666666666666674
291,org.apache.hadoop.security.alias,10,0.3,0.6,0.10000000000000009
292,org.apache.hadoop.security.authentication.client,10,0.2,0.9152542372881356,0.11525423728813555
293,org.apache.hadoop.util.bloom,10,0.2,0.09090909090909091,0.7090909090909091
294,org.apache.hadoop.yarn.event,10,0.4,0.96484375,0.3648437499999999
295,org.apache.hadoop.yarn.nodelabels.store.op,10,0.1,0.2857142857142857,0.6142857142857143
296,org.apache.hadoop.yarn.server.nodemanager.executor,10,0.0,0.7727272727272727,0.2272727272727273
297,org.apache.hadoop.yarn.server.resourcemanager.ahs,10,0.0,0.6086956521739131,0.3913043478260869
298,org.apache.hadoop.yarn.server.resourcemanager.metrics,10,0.2,0.6153846153846154,0.18461538461538463
299,org.apache.hadoop.yarn.server.resourcemanager.volume.csi,10,0.1,0.375,0.525
300,org.apache.hadoop.yarn.server.timelineservice.storage.reader,10,0.2,0.09090909090909091,0.7090909090909091
301,org.apache.hadoop.yarn.service.exceptions,10,0.4,0.9,0.30000000000000004
302,org.apache.hadoop.examples.pi.math,9,0.0,0.5,0.5
303,org.apache.hadoop.fs.azure.security,9,0.1111111111111111,0.38461538461538464,0.5042735042735043
304,org.apache.hadoop.fs.azurebfs.constants,9,0.0,0.7837837837837838,0.21621621621621623
305,org.apache.hadoop.fs.azurebfs.diagnostics,9,0.0,0.1,0.9
306,org.apache.hadoop.fs.azurebfs.utils,9,0.0,0.7777777777777778,0.2222222222222222
307,org.apache.hadoop.fs.s3a.auth,9,0.0,0.46153846153846156,0.5384615384615384
308,org.apache.hadoop.fs.swift.http,9,0.0,0.631578947368421,0.368421052631579
309,org.apache.hadoop.hdds.scm.chillmode,9,0.2222222222222222,0.4166666666666667,0.36111111111111116
310,org.apache.hadoop.hdfs.server.diskbalancer.command,9,0.1111111111111111,0.1111111111111111,0.7777777777777778
311,org.apache.hadoop.hdfs.server.federation.store.driver,9,0.3333333333333333,0.8831168831168831,0.21645021645021645
312,org.apache.hadoop.mapred.nativetask.handlers,9,0.1111111111111111,0.18181818181818182,0.7070707070707071
313,org.apache.hadoop.mapreduce.v2.api,9,0.7777777777777778,0.8297872340425532,0.6075650118203311
314,org.apache.hadoop.mapreduce.v2.app.commit,9,0.0,0.42857142857142855,0.5714285714285714
315,org.apache.hadoop.ozone.client.rest,9,0.1111111111111111,0.868421052631579,0.020467836257309857
316,org.apache.hadoop.ozone.genesis,9,0.0,0.0,1.0
317,org.apache.hadoop.ozone.web.netty,9,0.0,0.2222222222222222,0.7777777777777778
318,org.apache.hadoop.resourceestimator.skylinestore.exceptions,9,0.1111111111111111,1.0,0.11111111111111116
319,org.apache.hadoop.typedbytes,9,0.0,0.5625,0.4375
320,org.apache.hadoop.yarn.conf,9,0.1111111111111111,0.9886649874055415,0.0997760985166527
321,org.apache.hadoop.yarn.server.applicationhistoryservice.records,9,0.6666666666666666,0.71875,0.3854166666666665
322,org.apache.hadoop.yarn.server.federation.store.impl,9,0.1111111111111111,0.5,0.38888888888888884
323,org.apache.hadoop.yarn.server.nodemanager.containermanager.deletion.task,9,0.1111111111111111,0.7142857142857143,0.17460317460317465
324,org.apache.hadoop.yarn.server.nodemanager.containermanager.resourceplugin.gpu,9,0.0,0.42857142857142855,0.5714285714285714
325,org.apache.hadoop.yarn.server.nodemanager.util,9,0.1111111111111111,0.55,0.3388888888888888
326,org.apache.hadoop.yarn.server.resourcemanager.scheduler.activities,9,0.0,0.7727272727272727,0.2272727272727273
327,org.apache.hadoop.yarn.server.resourcemanager.scheduler.common,9,0.1111111111111111,0.8333333333333334,0.05555555555555558
328,org.apache.hadoop.yarn.server.router.rmadmin,9,0.3333333333333333,0.1111111111111111,0.5555555555555556
329,org.apache.hadoop.yarn.server.timeline.security,9,0.1111111111111111,0.625,0.26388888888888884
330,org.apache.hadoop.yarn.server.timelineservice.storage.application,9,0.0,0.4375,0.5625
331,org.apache.hadoop.yarn.server.timelineservice.storage.entity,9,0.0,0.5263157894736842,0.4736842105263158
332,org.apache.hadoop.yarn.server.timelineservice.storage.subapplication,9,0.0,0.4,0.6
333,org.apache.hadoop.yarn.service.monitor.probe,9,0.2222222222222222,0.4,0.37777777777777777
334,org.apache.hadoop.yarn.sls,9,0.1111111111111111,0.47058823529411764,0.4183006535947713
335,org.apache.hadoop.yarn.util.resource,9,0.1111111111111111,0.9714285714285714,0.08253968253968247
336,org.apache.hadoop.examples.pi,8,0.25,0.45454545454545453,0.2954545454545454
337,org.apache.hadoop.fs.http.client,8,0.125,0.46153846153846156,0.41346153846153844
338,org.apache.hadoop.fs.swift.contract,8,0.0,0.0,1.0
339,org.apache.hadoop.fs.swift.util,8,0.125,0.8333333333333334,0.04166666666666663
340,org.apache.hadoop.hdds.scm.container.common.helpers,8,0.0,0.8541666666666666,0.14583333333333337
341,org.apache.hadoop.hdds.scm.container.placement.metrics,8,0.125,0.8421052631578947,0.03289473684210531
342,org.apache.hadoop.hdfs.client,8,0.125,0.9567567567567568,0.08175675675675675
343,org.apache.hadoop.hdfs.server.datanode.metrics,8,0.125,0.6363636363636364,0.23863636363636365
344,org.apache.hadoop.hdfs.server.federation.store.driver.impl,8,0.375,0.42857142857142855,0.1964285714285714
345,org.apache.hadoop.hdfs.server.federation.store.records.impl.pb,8,0.125,0.8372093023255814,0.03779069767441856
346,org.apache.hadoop.io.compress.zlib,8,0.0,0.5789473684210527,0.42105263157894735
347,org.apache.hadoop.lib.server,8,0.25,0.6,0.15000000000000002
348,org.apache.hadoop.mapred.nativetask.util,8,0.25,0.7037037037037037,0.04629629629629628
349,org.apache.hadoop.mapreduce.lib.chain,8,0.0,0.1111111111111111,0.8888888888888888
350,org.apache.hadoop.mapreduce.security,8,0.0,0.75,0.25
351,org.apache.hadoop.ozone.web.ozShell.bucket,8,0.0,0.125,0.875
352,org.apache.hadoop.registry.client.binding,8,0.0,0.7666666666666667,0.23333333333333328
353,org.apache.hadoop.registry.client.exceptions,8,0.0,0.7142857142857143,0.2857142857142857
354,org.apache.hadoop.security.ssl,8,0.25,0.8490566037735849,0.09905660377358494
355,org.apache.hadoop.security.token.delegation,8,0.25,0.8961038961038961,0.14610389610389607
356,org.apache.hadoop.yarn.api.resource,8,0.0,0.8157894736842105,0.1842105263157895
357,org.apache.hadoop.yarn.csi.client,8,0.125,0.0,0.875
358,org.apache.hadoop.yarn.server.api.records,8,0.75,0.95,0.7
359,org.apache.hadoop.yarn.server.federation.utils,8,0.0,0.8157894736842105,0.1842105263157895
360,org.apache.hadoop.yarn.server.nodemanager.containermanager.linux.runtime,8,0.125,0.5294117647058824,0.34558823529411764
361,org.apache.hadoop.yarn.server.nodemanager.webapp.dao.gpu,8,0.0,0.3333333333333333,0.6666666666666667
362,org.apache.hadoop.yarn.server.resourcemanager.applicationsmanager,8,0.125,0.2222222222222222,0.6527777777777778
363,org.apache.hadoop.yarn.server.resourcemanager.scheduler.constraint.api,8,0.375,0.36363636363636365,0.26136363636363635
364,org.apache.hadoop.yarn.server.resourcemanager.scheduler.constraint.processor,8,0.25,0.2727272727272727,0.4772727272727273
365,org.apache.hadoop.yarn.server.timelineservice.storage.apptoflow,8,0.0,0.3333333333333333,0.6666666666666667
366,org.apache.hadoop.yarn.service.conf,8,0.375,0.8421052631578947,0.2171052631578947
367,org.apache.hadoop.yarn.submarine.client.cli,8,0.125,0.4166666666666667,0.45833333333333326
368,org.apache.hadoop.yarn.webapp.hamlet,8,0.0,0.2,0.8
369,org.apache.hadoop,7,0.0,0.9339622641509434,0.06603773584905659
370,org.apache.hadoop.classification.tools,7,0.0,0.0,1.0
371,org.apache.hadoop.crypto.key.kms,7,0.0,0.6956521739130435,0.30434782608695654
372,org.apache.hadoop.fs.azurebfs.extensions,7,0.42857142857142855,0.45454545454545453,0.11688311688311692
373,org.apache.hadoop.fs.s3a.commit.magic,7,0.0,0.4166666666666667,0.5833333333333333
374,org.apache.hadoop.fs.s3a.commit.staging.integration,7,0.0,0.0,1.0
375,org.apache.hadoop.fs.swift.snative,7,0.0,0.5714285714285714,0.4285714285714286
376,org.apache.hadoop.hdds.scm.container.placement.algorithms,7,0.2857142857142857,0.4,0.3142857142857143
377,org.apache.hadoop.hdds.scm.container.states,7,0.0,0.2857142857142857,0.7142857142857143
378,org.apache.hadoop.hdfs.server.common.blockaliasmap.impl,7,0.0,0.3,0.7
379,org.apache.hadoop.hdfs.server.datanode.web.webhdfs,7,0.0,0.2222222222222222,0.7777777777777778
380,org.apache.hadoop.hdfs.server.diskbalancer.planner,7,0.2857142857142857,0.6428571428571429,0.0714285714285714
381,org.apache.hadoop.hdfs.server.namenode.metrics,7,0.42857142857142855,0.5625,0.008928571428571397
382,org.apache.hadoop.io.erasurecode.codec,7,0.14285714285714285,0.125,0.7321428571428572
383,org.apache.hadoop.io.nativeio,7,0.0,0.8695652173913043,0.13043478260869568
384,org.apache.hadoop.lib.servlet,7,0.2857142857142857,0.3,0.41428571428571437
385,org.apache.hadoop.log,7,0.0,0.25,0.75
386,org.apache.hadoop.mapred.nativetask.testutil,7,0.0,0.6842105263157895,0.3157894736842105
387,org.apache.hadoop.mapreduce.v2.app.job,7,0.42857142857142855,0.956140350877193,0.38471177944862145
388,org.apache.hadoop.mapreduce.v2.app.launcher,7,0.14285714285714285,0.5625,0.2946428571428572
389,org.apache.hadoop.mapreduce.v2.jobhistory,7,0.0,0.8653846153846154,0.13461538461538458
390,org.apache.hadoop.mapreduce.v2.util,7,0.0,0.9333333333333333,0.06666666666666665
391,org.apache.hadoop.metrics2.sink.ganglia,7,0.14285714285714285,0.16666666666666666,0.6904761904761905
392,org.apache.hadoop.nfs.nfs3,7,0.2857142857142857,0.927536231884058,0.21325051759834368
393,org.apache.hadoop.ozone.client.io,7,0.0,0.9166666666666666,0.08333333333333337
394,org.apache.hadoop.ozone.client.rest.response,7,0.0,0.5454545454545454,0.4545454545454546
395,org.apache.hadoop.ozone.client.rpc,7,0.0,0.6428571428571429,0.3571428571428571
396,org.apache.hadoop.ozone.common,7,0.14285714285714285,0.8,0.05714285714285716
397,org.apache.hadoop.ozone.container.common.statemachine,7,0.2857142857142857,0.84,0.12571428571428567
398,org.apache.hadoop.ozone.container.ozoneimpl,7,0.0,0.7,0.30000000000000004
399,org.apache.hadoop.ozone.s3.header,7,0.0,0.4,0.6
400,org.apache.hadoop.ozone.scm,7,0.0,0.0,1.0
401,org.apache.hadoop.ozone.web.client,7,0.0,0.0,1.0
402,org.apache.hadoop.ozone.web.interfaces,7,0.8571428571428571,0.8148148148148148,0.6719576719576719
403,org.apache.hadoop.ozone.web.ozShell.keys,7,0.0,0.14285714285714285,0.8571428571428572
404,org.apache.hadoop.ozone.web.ozShell.volume,7,0.0,0.14285714285714285,0.8571428571428572
405,org.apache.hadoop.registry.client.api,7,0.5714285714285714,0.8461538461538461,0.41758241758241743
406,org.apache.hadoop.registry.client.impl,7,0.0,0.3333333333333333,0.6666666666666667
407,org.apache.hadoop.resourceestimator.common.serialization,7,0.0,0.2857142857142857,0.7142857142857143
408,org.apache.hadoop.resourceestimator.translator.impl,7,0.0,0.4,0.6
409,org.apache.hadoop.security.http,7,0.0,0.7058823529411765,0.2941176470588235
410,org.apache.hadoop.util.concurrent,7,0.14285714285714285,0.9791666666666666,0.12202380952380953
411,org.apache.hadoop.yarn.logaggregation.filecontroller,7,0.2857142857142857,0.75,0.03571428571428559
412,org.apache.hadoop.yarn.server.api.records.impl.pb,7,0.0,0.7,0.30000000000000004
413,org.apache.hadoop.yarn.server.nodemanager.containermanager.linux.resources.numa,7,0.0,0.14285714285714285,0.8571428571428572
414,org.apache.hadoop.yarn.server.nodemanager.webapp.dao,7,0.0,0.7647058823529411,0.23529411764705888
415,org.apache.hadoop.yarn.server.resourcemanager.scheduler.fair.allocationfile,7,0.14285714285714285,1.0,0.1428571428571428
416,org.apache.hadoop.yarn.server.resourcemanager.webapp.helper,7,0.0,0.4,0.6
417,org.apache.hadoop.yarn.server.scheduler,7,0.0,0.8928571428571429,0.1071428571428571
418,org.apache.hadoop.yarn.server.security,7,0.0,0.9102564102564102,0.08974358974358976
419,org.apache.hadoop.yarn.server.timelineservice.storage.domain,7,0.0,0.36363636363636365,0.6363636363636364
420,org.apache.hadoop.yarn.server.webapp.dao,7,0.0,0.7741935483870968,0.22580645161290325
421,org.apache.hadoop.yarn.server.webproxy.amfilter,7,0.0,0.16666666666666666,0.8333333333333334
422,org.apache.hadoop.yarn.service.provider,7,0.5714285714285714,0.7083333333333334,0.27976190476190466
423,org.apache.hadoop.yarn.service.timelineservice,7,0.0,0.3333333333333333,0.6666666666666667
424,org.apache.hadoop.yarn.submarine.runtimes.common,7,0.42857142857142855,0.7142857142857143,0.1428571428571428
425,testjar,7,0.0,0.0,1.0
426,org.apache.hadoop.fs.azure.integration,6,0.5,0.782608695652174,0.28260869565217384
427,org.apache.hadoop.fs.contract.ftp,6,0.0,0.0,1.0
428,org.apache.hadoop.fs.ftp,6,0.0,0.25,0.75
429,org.apache.hadoop.fs.s3a.fileContext,6,0.0,0.0,1.0
430,org.apache.hadoop.ha.protocolPB,6,0.3333333333333333,0.45454545454545453,0.21212121212121215
431,org.apache.hadoop.hdds.client,6,0.0,0.9647058823529412,0.03529411764705881
432,org.apache.hadoop.hdds.scm.cli.container,6,0.0,0.16666666666666666,0.8333333333333334
433,org.apache.hadoop.hdds.server,6,0.3333333333333333,0.8260869565217391,0.1594202898550725
434,org.apache.hadoop.hdfs.qjournal,6,0.16666666666666666,0.75,0.08333333333333337
435,org.apache.hadoop.hdfs.qjournal.protocolPB,6,0.3333333333333333,0.3333333333333333,0.33333333333333337
436,org.apache.hadoop.hdfs.server.common.sps,6,0.16666666666666666,0.25,0.5833333333333334
437,org.apache.hadoop.hdfs.server.diskbalancer.connectors,6,0.16666666666666666,0.6428571428571429,0.19047619047619047
438,org.apache.hadoop.hdfs.server.sps,6,0.0,0.45454545454545453,0.5454545454545454
439,org.apache.hadoop.io.serializer.avro,6,0.3333333333333333,0.2857142857142857,0.38095238095238093
440,org.apache.hadoop.ipc.protocolPB,6,0.3333333333333333,0.45454545454545453,0.21212121212121215
441,org.apache.hadoop.mapred.lib.db,6,0.16666666666666666,0.14285714285714285,0.6904761904761905
442,org.apache.hadoop.mapreduce.filecache,6,0.0,0.7727272727272727,0.2272727272727273
443,org.apache.hadoop.mapreduce.lib.jobcontrol,6,0.0,0.45454545454545453,0.5454545454545454
444,org.apache.hadoop.mapreduce.lib.map,6,0.0,0.625,0.375
445,org.apache.hadoop.mapreduce.split,6,0.0,0.45454545454545453,0.5454545454545454
446,org.apache.hadoop.mapreduce.task,6,0.16666666666666666,0.8888888888888888,0.05555555555555558
447,org.apache.hadoop.mapreduce.v2.hs.webapp.dao,6,0.0,0.75,0.25
448,org.apache.hadoop.nfs,6,0.0,0.7647058823529411,0.23529411764705888
449,org.apache.hadoop.ozone.container.common.states.endpoint,6,0.0,0.2,0.8
450,org.apache.hadoop.ozone.container.keyvalue.helpers,6,0.0,0.75,0.25
451,org.apache.hadoop.ozone.lock,6,0.0,0.25,0.75
452,org.apache.hadoop.ozone.web.ozShell,6,0.16666666666666666,0.8333333333333334,0.0
453,org.apache.hadoop.portmap,6,0.0,0.3333333333333333,0.6666666666666667
454,org.apache.hadoop.registry.client.types,6,0.3333333333333333,0.8571428571428571,0.19047619047619047
455,org.apache.hadoop.registry.server.services,6,0.16666666666666666,0.5454545454545454,0.28787878787878796
456,org.apache.hadoop.resourceestimator.service,6,0.0,0.0,1.0
457,org.apache.hadoop.security.protocolPB,6,0.3333333333333333,0.5,0.16666666666666674
458,org.apache.hadoop.yarn.api.impl.pb.client,6,0.0,0.0,1.0
459,org.apache.hadoop.yarn.api.impl.pb.service,6,0.0,0.14285714285714285,0.8571428571428572
460,org.apache.hadoop.yarn.factories.impl.pb,6,0.0,0.6470588235294118,0.3529411764705882
461,org.apache.hadoop.yarn.server.api.impl.pb.client,6,0.0,0.14285714285714285,0.8571428571428572
462,org.apache.hadoop.yarn.server.api.impl.pb.service,6,0.0,0.0,1.0
463,org.apache.hadoop.yarn.server.applicationhistoryservice.records.impl.pb,6,0.0,0.14285714285714285,0.8571428571428572
464,org.apache.hadoop.yarn.server.federation.store.utils,6,0.0,0.375,0.625
465,org.apache.hadoop.yarn.server.metrics,6,0.0,0.7916666666666666,0.20833333333333337
466,org.apache.hadoop.yarn.server.nodemanager.containermanager.localizer.sharedcache,6,0.0,0.25,0.75
467,org.apache.hadoop.yarn.server.nodemanager.containermanager.loghandler.event,6,0.0,0.7333333333333333,0.2666666666666667
468,org.apache.hadoop.yarn.server.nodemanager.containermanager.resourceplugin.fpga,6,0.16666666666666666,0.4,0.43333333333333335
469,org.apache.hadoop.yarn.server.nodemanager.recovery,6,0.3333333333333333,0.8958333333333334,0.22916666666666674
470,org.apache.hadoop.yarn.server.resourcemanager.monitor.invariants,6,0.16666666666666666,0.2857142857142857,0.5476190476190477
471,org.apache.hadoop.yarn.server.resourcemanager.scheduler.constraint.algorithm,6,0.0,0.3333333333333333,0.6666666666666667
472,org.apache.hadoop.yarn.server.resourcemanager.scheduler.fair.policies,6,0.0,0.6,0.4
473,org.apache.hadoop.yarn.server.router,6,0.0,0.7142857142857143,0.2857142857142857
474,org.apache.hadoop.yarn.server.sharedcachemanager.store,6,0.3333333333333333,0.6,0.06666666666666665
475,org.apache.hadoop.yarn.server.utils,6,0.0,0.968,0.03200000000000003
476,org.apache.hadoop.yarn.server.volume.csi,6,0.16666666666666666,0.7368421052631579,0.09649122807017552
477,org.apache.hadoop.yarn.service.component.instance,6,0.0,0.8947368421052632,0.10526315789473684
478,org.apache.hadoop.yarn.service.containerlaunch,6,0.0,0.6842105263157895,0.3157894736842105
479,org.apache.hadoop.examples.dancing,5,0.0,0.5,0.5
480,org.apache.hadoop.fs.azurebfs.contracts.services,5,0.0,0.6923076923076923,0.3076923076923077
481,org.apache.hadoop.fs.http,5,0.0,0.0,1.0
482,org.apache.hadoop.fs.loadGenerator,5,0.0,0.16666666666666666,0.8333333333333334
483,org.apache.hadoop.fs.s3a.commit.files,5,0.2,0.75,0.050000000000000044
484,org.apache.hadoop.fs.sftp,5,0.0,0.0,1.0
485,org.apache.hadoop.fs.swift.auth.entities,5,0.0,0.6666666666666666,0.33333333333333337
486,org.apache.hadoop.hdds.cli,5,0.2,0.8421052631578947,0.042105263157894646
487,org.apache.hadoop.hdds.scm.client,5,0.2,0.8636363636363636,0.06363636363636371
488,org.apache.hadoop.hdds.scm.protocol,5,0.4,0.75,0.1499999999999999
489,org.apache.hadoop.hdds.scm.protocolPB,5,0.4,0.7647058823529411,0.16470588235294104
490,org.apache.hadoop.hdds.scm.storage,5,0.0,0.75,0.25
491,org.apache.hadoop.hdfs.qjournal.protocol,5,0.4,0.7222222222222222,0.12222222222222223
492,org.apache.hadoop.hdfs.server.aliasmap,5,0.2,0.5833333333333334,0.21666666666666656
493,org.apache.hadoop.hdfs.server.datanode.extdataset,5,0.0,0.0,1.0
494,org.apache.hadoop.hdfs.server.datanode.web,5,0.0,0.2,0.8
495,org.apache.hadoop.hdfs.server.diskbalancer.datamodel,5,0.0,0.8947368421052632,0.10526315789473684
496,org.apache.hadoop.hdfs.server.federation,5,0.0,0.8,0.19999999999999996
497,org.apache.hadoop.hdfs.server.federation.store.impl,5,0.0,0.375,0.625
498,org.apache.hadoop.io.erasurecode.rawcoder.util,5,0.0,0.5454545454545454,0.4545454545454546
499,org.apache.hadoop.lib.service,5,0.8,0.7619047619047619,0.5619047619047619
500,org.apache.hadoop.mapred.jobcontrol,5,0.0,0.2857142857142857,0.7142857142857143
501,org.apache.hadoop.mapred.nativetask.combinertest,5,0.0,0.0,1.0
502,org.apache.hadoop.mapred.nativetask.kvtest,5,0.0,0.5,0.5
503,org.apache.hadoop.mapred.uploader,5,0.0,0.0,1.0
504,org.apache.hadoop.mapreduce.security.token.delegation,5,0.0,0.5,0.5
505,org.apache.hadoop.metrics2.filter,5,0.2,0.16666666666666666,0.6333333333333333
506,org.apache.hadoop.net.unix,5,0.0,0.8918918918918919,0.10810810810810811
507,org.apache.hadoop.ozone.container.common.transport.server.ratis,5,0.0,0.3333333333333333,0.6666666666666667
508,org.apache.hadoop.ozone.s3.commontypes,5,0.0,1.0,0.0
509,org.apache.hadoop.ozone.s3.exception,5,0.0,0.9,0.09999999999999998
510,org.apache.hadoop.registry.secure,5,0.0,0.16666666666666666,0.8333333333333334
511,org.apache.hadoop.resourceestimator.solver.impl,5,0.4,0.2,0.3999999999999999
512,org.apache.hadoop.resourceestimator.translator.api,5,0.4,0.6923076923076923,0.09230769230769242
513,org.apache.hadoop.tools.mapred.lib,5,0.0,0.0,1.0
514,org.apache.hadoop.util.curator,5,0.0,0.5454545454545454,0.4545454545454546
515,org.apache.hadoop.yarn.client.api.async.impl,5,0.0,0.4444444444444444,0.5555555555555556
516,org.apache.hadoop.yarn.factories,5,0.6,0.9699248120300752,0.5699248120300751
517,org.apache.hadoop.yarn.ipc,5,0.2,0.945054945054945,0.14505494505494498
518,org.apache.hadoop.yarn.nodelabels.event,5,0.0,0.25,0.75
519,org.apache.hadoop.yarn.server.federation.policies.exceptions,5,0.0,0.9714285714285714,0.02857142857142858
520,org.apache.hadoop.yarn.server.federation.resolver,5,0.4,0.7142857142857143,0.11428571428571432
521,org.apache.hadoop.yarn.server.federation.store,5,0.8,0.8181818181818182,0.6181818181818182
522,org.apache.hadoop.yarn.server.nodemanager.api.protocolrecords,5,0.6,0.9,0.5
523,org.apache.hadoop.yarn.server.nodemanager.api.protocolrecords.impl.pb,5,0.0,0.4444444444444444,0.5555555555555556
524,org.apache.hadoop.yarn.server.nodemanager.containermanager.linux.privileged,5,0.0,0.9130434782608695,0.08695652173913049
525,org.apache.hadoop.yarn.server.nodemanager.containermanager.resourceplugin,5,0.6,0.75,0.3500000000000001
526,org.apache.hadoop.yarn.server.nodemanager.timelineservice,5,0.0,0.7142857142857143,0.2857142857142857
527,org.apache.hadoop.yarn.server.resourcemanager.recovery.records,5,0.8,0.8809523809523809,0.680952380952381
528,org.apache.hadoop.yarn.server.resourcemanager.scheduler.capacity.allocator,5,0.2,0.3333333333333333,0.4666666666666667
529,org.apache.hadoop.yarn.server.resourcemanager.volume.csi.event,5,0.0,0.5,0.5
530,org.apache.hadoop.yarn.server.resourcemanager.webapp.fairscheduler,5,0.0,0.2857142857142857,0.7142857142857143
531,org.apache.hadoop.yarn.sls.appmaster,5,0.2,0.5,0.30000000000000004
532,org.apache.hadoop.yarn.submarine.client.cli.param,5,0.4,0.6363636363636364,0.036363636363636376
533,org.apache.hadoop.yarn.submarine.runtimes.yarnservice,5,0.0,0.42857142857142855,0.5714285714285714
534,org.apache.hadoop.yarn.webapp.hamlet2,5,0.0,0.9038461538461539,0.09615384615384615
535,org.apache.hadoop.yarn.webapp.log,5,0.0,0.5454545454545454,0.4545454545454546
536,org.apache.hadoop.crypto.random,4,0.0,0.4,0.6
537,org.apache.hadoop.fs.azurebfs.security,4,0.0,0.3333333333333333,0.6666666666666667
538,org.apache.hadoop.fs.local,4,0.0,0.42857142857142855,0.5714285714285714
539,org.apache.hadoop.hdds,4,0.0,0.9642857142857143,0.0357142857142857
540,org.apache.hadoop.hdds.scm.command,4,0.0,0.5,0.5
541,org.apache.hadoop.hdfs.inotify,4,0.25,0.7333333333333333,0.01666666666666672
542,org.apache.hadoop.hdfs.server.namenode.top.window,4,0.0,0.4,0.6
543,org.apache.hadoop.io.compress.lz4,4,0.0,0.5,0.5
544,org.apache.hadoop.io.compress.snappy,4,0.0,0.42857142857142855,0.5714285714285714
545,org.apache.hadoop.io.compress.zstd,4,0.0,0.2,0.8
546,org.apache.hadoop.ipc.metrics,4,0.0,0.5555555555555556,0.4444444444444444
547,org.apache.hadoop.lib.lang,4,0.0,0.5555555555555556,0.4444444444444444
548,org.apache.hadoop.lib.util,4,0.25,0.6363636363636364,0.11363636363636365
549,org.apache.hadoop.mapred.gridmix.emulators.resourceusage,4,0.25,0.42857142857142855,0.3214285714285714
550,org.apache.hadoop.mapreduce.lib.fieldsel,4,0.0,0.3333333333333333,0.6666666666666667
551,org.apache.hadoop.mapreduce.security.token,4,0.0,0.8709677419354839,0.12903225806451613
552,org.apache.hadoop.mapreduce.v2.app.rm.preemption,4,0.25,0.7333333333333333,0.01666666666666672
553,org.apache.hadoop.maven.plugin.protoc,4,0.0,0.0,1.0
554,org.apache.hadoop.minikdc,4,0.0,0.9411764705882353,0.05882352941176472
555,org.apache.hadoop.mount,4,0.25,0.4,0.35
556,org.apache.hadoop.ozone.container.common.transport.server,4,0.25,0.5714285714285714,0.1785714285714286
557,org.apache.hadoop.ozone.container.testutils,4,0.0,0.3333333333333333,0.6666666666666667
558,org.apache.hadoop.ozone.genconf,4,0.0,0.0,1.0
559,org.apache.hadoop.ozone.protocol,4,0.5,0.896551724137931,0.39655172413793105
560,org.apache.hadoop.ozone.s3.util,4,0.0,0.4,0.6
561,org.apache.hadoop.ozone.web.utils,4,0.0,0.9772727272727273,0.022727272727272707
562,org.apache.hadoop.resourceestimator.common.api,4,0.0,0.9130434782608695,0.08695652173913049
563,org.apache.hadoop.resourceestimator.skylinestore.api,4,0.75,0.8571428571428571,0.6071428571428572
564,org.apache.hadoop.resourceestimator.skylinestore.impl,4,0.25,0.5714285714285714,0.1785714285714286
565,org.apache.hadoop.resourceestimator.solver.exceptions,4,0.25,1.0,0.25
566,org.apache.hadoop.streaming.mapreduce,4,0.25,0.0,0.75
567,org.apache.hadoop.tools.rumen.serializers,4,0.0,0.5,0.5
568,org.apache.hadoop.util.hash,4,0.25,0.5555555555555556,0.19444444444444442
569,org.apache.hadoop.yarn.ams,4,0.5,0.75,0.25
570,org.apache.hadoop.yarn.factory.providers,4,0.0,0.9772727272727273,0.022727272727272707
571,org.apache.hadoop.yarn.logaggregation.filecontroller.ifile,4,0.0,0.0,1.0
572,org.apache.hadoop.yarn.nodelabels.store,4,0.5,0.5714285714285714,0.0714285714285714
573,org.apache.hadoop.yarn.server.federation.store.exception,4,0.0,0.75,0.25
574,org.apache.hadoop.yarn.server.nodemanager.api.impl.pb,4,0.0,0.3333333333333333,0.6666666666666667
575,org.apache.hadoop.yarn.server.nodemanager.containermanager.localizer.security,4,0.0,0.3333333333333333,0.6666666666666667
576,org.apache.hadoop.yarn.server.nodemanager.containermanager.runtime,4,0.25,0.8620689655172413,0.11206896551724133
577,org.apache.hadoop.yarn.server.nodemanager.security,4,0.0,0.8181818181818182,0.18181818181818177
578,org.apache.hadoop.yarn.server.resourcemanager.amlauncher,4,0.0,0.7857142857142857,0.2142857142857143
579,org.apache.hadoop.yarn.server.resourcemanager.blacklist,4,0.25,0.42857142857142855,0.3214285714285714
580,org.apache.hadoop.yarn.server.resourcemanager.federation,4,0.0,0.25,0.75
581,org.apache.hadoop.yarn.server.resourcemanager.monitor,4,0.25,0.6666666666666666,0.08333333333333337
582,org.apache.hadoop.yarn.server.resourcemanager.recovery.records.impl.pb,4,0.0,0.5,0.5
583,org.apache.hadoop.yarn.server.resourcemanager.reservation.exceptions,4,0.0,0.8974358974358975,0.10256410256410253
584,org.apache.hadoop.yarn.server.resourcemanager.resource,4,0.25,0.7777777777777778,0.02777777777777768
585,org.apache.hadoop.yarn.server.resourcemanager.rmapp.attempt.event,4,0.0,0.6666666666666666,0.33333333333333337
586,org.apache.hadoop.yarn.server.resourcemanager.volume.csi.lifecycle,4,0.25,0.8,0.050000000000000044
587,org.apache.hadoop.yarn.server.resourcemanager.volume.csi.provisioner,4,0.25,0.42857142857142855,0.3214285714285714
588,org.apache.hadoop.yarn.server.sharedcachemanager.metrics,4,0.0,0.6923076923076923,0.3076923076923077
589,org.apache.hadoop.yarn.server.sharedcachemanager.webapp,4,0.0,0.2,0.8
590,org.apache.hadoop.yarn.server.timeline.recovery,4,0.25,0.5555555555555556,0.19444444444444442
591,org.apache.hadoop.yarn.server.timeline.webapp,4,0.0,0.3333333333333333,0.6666666666666667
592,org.apache.hadoop.yarn.server.timelineservice.reader.security,4,0.0,0.3333333333333333,0.6666666666666667
593,org.apache.hadoop.yarn.server.timelineservice.security,4,0.0,0.2,0.8
594,org.apache.hadoop.yarn.server.uam,4,0.0,0.5714285714285714,0.4285714285714286
595,org.apache.hadoop.yarn.server.volume.csi.exception,4,0.0,0.8461538461538461,0.15384615384615385
596,org.apache.hadoop.yarn.service.provider.docker,4,0.25,0.5,0.25
597,org.apache.hadoop.yarn.sls.synthetic,4,0.0,0.4,0.6
598,org.apache.hadoop.yarn.submarine.common.api,4,0.0,0.8571428571428571,0.1428571428571429
599,org.apache.hadoop.fs.protocolPB,3,0.0,0.3333333333333333,0.6666666666666667
600,org.apache.hadoop.fs.s3native,3,0.0,0.6666666666666666,0.33333333333333337
601,org.apache.hadoop.fs.store,3,0.0,0.4,0.6
602,org.apache.hadoop.hdds.conf,3,0.0,0.9875,0.012499999999999956
603,org.apache.hadoop.hdds.protocol,3,0.0,0.9893048128342246,0.010695187165775444
604,org.apache.hadoop.hdfs.client.impl.metrics,3,0.0,0.5,0.5
605,org.apache.hadoop.hdfs.nfs,3,0.0,0.0,1.0
606,org.apache.hadoop.hdfs.security.token.delegation,3,0.0,0.9387755102040817,0.061224489795918324
607,org.apache.hadoop.hdfs.server.mover,3,0.0,0.0,1.0
608,org.apache.hadoop.hdfs.server.namenode.web.resources,3,0.0,0.625,0.375
609,org.apache.hadoop.jmx,3,0.0,0.25,0.75
610,org.apache.hadoop.lib.service.security,3,0.0,0.0,1.0
611,org.apache.hadoop.mapred.nativetask.utils,3,0.0,0.0,1.0
612,org.apache.hadoop.mapred.tools,3,0.0,0.3333333333333333,0.6666666666666667
613,org.apache.hadoop.mapreduce.lib.reduce,3,0.0,0.7272727272727273,0.2727272727272727
614,org.apache.hadoop.mapreduce.protocol,3,0.6666666666666666,0.7857142857142857,0.45238095238095233
615,org.apache.hadoop.mapreduce.v2.api.impl.pb.client,3,0.0,0.0,1.0
616,org.apache.hadoop.mapreduce.v2.api.impl.pb.service,3,0.0,0.0,1.0
617,org.apache.hadoop.mapreduce.v2.app.client,3,0.3333333333333333,0.85,0.18333333333333335
618,org.apache.hadoop.mapreduce.v2.app.local,3,0.0,0.25,0.75
619,org.apache.hadoop.mapreduce.v2.app.metrics,3,0.0,0.7272727272727273,0.2727272727272727
620,org.apache.hadoop.mapreduce.v2.app.security.authorize,3,0.0,0.5714285714285714,0.4285714285714286
621,org.apache.hadoop.mapreduce.v2.security.client,3,0.0,0.0,1.0
622,org.apache.hadoop.metrics2.annotation,3,0.0,0.9516129032258065,0.048387096774193505
623,org.apache.hadoop.metrics2.source,3,0.0,0.88,0.12
624,org.apache.hadoop.ozone.client.rest.headers,3,0.0,0.8888888888888888,0.11111111111111116
625,org.apache.hadoop.ozone.common.statemachine,3,0.0,1.0,0.0
626,org.apache.hadoop.ozone.container.common.states.datanode,3,0.0,0.0,1.0
627,org.apache.hadoop.ozone.container.common.utils,3,0.0,0.8181818181818182,0.18181818181818177
628,org.apache.hadoop.ozone.container.keyvalue.impl,3,0.0,0.7142857142857143,0.2857142857142857
629,org.apache.hadoop.ozone.container.keyvalue.interfaces,3,0.6666666666666666,0.6666666666666666,0.33333333333333326
630,org.apache.hadoop.ozone.container.placement,3,0.0,0.0,1.0
631,org.apache.hadoop.ozone.om.protocolPB,3,0.3333333333333333,0.75,0.08333333333333326
632,org.apache.hadoop.ozone.web.messages,3,0.0,0.3333333333333333,0.6666666666666667
633,org.apache.hadoop.registry,3,0.0,0.6666666666666666,0.33333333333333337
634,org.apache.hadoop.resourceestimator.common.config,3,0.0,0.8181818181818182,0.18181818181818177
635,org.apache.hadoop.security.authentication.examples,3,0.0,0.0,1.0
636,org.apache.hadoop.tools.protocolPB,3,0.3333333333333333,0.625,0.04166666666666674
637,org.apache.hadoop.tools.rumen.anonymization,3,0.3333333333333333,0.5,0.16666666666666674
638,org.apache.hadoop.tools.rumen.datatypes.util,3,0.3333333333333333,0.25,0.41666666666666674
639,org.apache.hadoop.tools.rumen.state,3,0.3333333333333333,0.8181818181818182,0.1515151515151516
640,org.apache.hadoop.yarn.api.pb,3,0.0,0.5,0.5
641,org.apache.hadoop.yarn.client.api.async,3,0.6666666666666666,0.8125,0.4791666666666665
642,org.apache.hadoop.yarn.client.util,3,0.3333333333333333,0.625,0.04166666666666674
643,org.apache.hadoop.yarn.lib,3,0.0,0.25,0.75
644,org.apache.hadoop.yarn.logaggregation.filecontroller.tfile,3,0.0,0.625,0.375
645,org.apache.hadoop.yarn.server.federation.failover,3,0.0,0.6,0.4
646,org.apache.hadoop.yarn.server.federation.store.metrics,3,0.0,0.5,0.5
647,org.apache.hadoop.yarn.server.nodemanager.api,3,1.0,0.85,0.8500000000000001
648,org.apache.hadoop.yarn.server.nodemanager.containermanager.linux.resources.fpga,3,0.0,0.6666666666666666,0.33333333333333337
649,org.apache.hadoop.yarn.server.nodemanager.containermanager.linux.resources.gpu,3,0.0,0.4,0.6
650,org.apache.hadoop.yarn.server.nodemanager.containermanager.loghandler,3,0.3333333333333333,0.625,0.04166666666666674
651,org.apache.hadoop.yarn.server.resourcemanager.resourcetracker,3,0.0,0.0,1.0
652,org.apache.hadoop.yarn.server.resourcemanager.rmapp.monitor,3,0.0,0.5714285714285714,0.4285714285714286
653,org.apache.hadoop.yarn.server.resourcemanager.scheduler.capacity.policy,3,0.3333333333333333,0.6666666666666666,0.0
654,org.apache.hadoop.yarn.server.resourcemanager.scheduler.capacity.preemption,3,0.0,0.8125,0.1875
655,org.apache.hadoop.yarn.server.resourcemanager.scheduler.constraint.algorithm.iterators,3,0.0,0.25,0.75
656,org.apache.hadoop.yarn.server.resourcemanager.scheduler.distributed,3,0.0,0.5714285714285714,0.4285714285714286
657,org.apache.hadoop.yarn.server.resourcemanager.scheduler.fair.allocation,3,0.0,0.4,0.6
658,org.apache.hadoop.yarn.server.resourcemanager.scheduler.fifo,3,0.0,0.8928571428571429,0.1071428571428571
659,org.apache.hadoop.yarn.server.timelineservice,3,0.0,0.5,0.5
660,org.apache.hadoop.yarn.server.timelineservice.metrics,3,0.0,0.5714285714285714,0.4285714285714286
661,org.apache.hadoop.yarn.service.monitor,3,0.0,0.4,0.6
662,org.apache.hadoop.yarn.service.provider.defaultImpl,3,0.0,0.5,0.5
663,org.apache.hadoop.yarn.service.provider.tarball,3,0.0,0.4,0.6
664,org.apache.hadoop.yarn.service.providers,3,0.0,0.0,1.0
665,org.apache.hadoop.yarn.service.webapp,3,0.0,0.25,0.75
666,org.apache.hadoop.yarn.sharedcache,3,0.3333333333333333,0.4,0.2666666666666666
667,org.apache.hadoop.yarn.sls.nodemanager,3,0.0,0.25,0.75
668,org.apache.hadoop.yarn.submarine.common,3,0.0,0.9090909090909091,0.09090909090909094
669,org.apache.hadoop.yarn.submarine.common.fs,3,0.3333333333333333,0.6666666666666666,0.0
670,org.apache.hadoop.yarn.util.constraint,3,0.0,0.6666666666666666,0.33333333333333337
671,org.apache.hadoop.yarn.webapp.dao,3,0.0,0.9285714285714286,0.0714285714285714
672,org.apache.hadoop.yarn.webapp.example,3,0.0,0.0,1.0
673,org.apache.hadoop.yarn.webapp.util,3,0.0,0.9433962264150944,0.05660377358490565
674,org.apache.hadoop.classification,2,0.0,0.9996125532739248,3.8744672607515795E-4
675,org.apache.hadoop.fi,2,0.0,0.0,1.0
676,org.apache.hadoop.filecache,2,0.0,0.5,0.5
677,org.apache.hadoop.fs.adl.common,2,0.0,0.8333333333333334,0.16666666666666663
678,org.apache.hadoop.fs.adl.oauth2,2,0.5,0.8,0.30000000000000004
679,org.apache.hadoop.fs.azurebfs.contracts.annotations,2,0.0,0.0,1.0
680,org.apache.hadoop.fs.azurebfs.contracts.diagnostics,2,0.5,0.7142857142857143,0.2142857142857144
681,org.apache.hadoop.fs.crypto,2,0.0,0.5,0.5
682,org.apache.hadoop.fs.s3a.yarn,2,0.0,0.0,1.0
683,org.apache.hadoop.fs.swift.hdfs2,2,0.0,0.0,1.0
684,org.apache.hadoop.fs.swift.scale,2,0.0,0.0,1.0
685,org.apache.hadoop.hdds.scm.cli,2,0.0,0.8333333333333334,0.16666666666666663
686,org.apache.hadoop.hdds.scm.container.closer,2,0.0,NaN,NaN
687,org.apache.hadoop.hdds.scm.events,2,0.0,0.9615384615384616,0.038461538461538436
688,org.apache.hadoop.hdds.scm.exceptions,2,0.0,1.0,0.0
689,org.apache.hadoop.hdfs.nfs.conf,2,0.0,0.9565217391304348,0.04347826086956519
690,org.apache.hadoop.hdfs.nfs.mount,2,0.0,0.6666666666666666,0.33333333333333337
691,org.apache.hadoop.hdfs.security,2,0.0,0.0,1.0
692,org.apache.hadoop.hdfs.server.common.blockaliasmap,2,0.5,0.875,0.375
693,org.apache.hadoop.hdfs.server.federation.utils,2,0.0,0.3333333333333333,0.6666666666666667
694,org.apache.hadoop.hdfs.server.namenode.top,2,0.0,0.75,0.25
695,org.apache.hadoop.hdfs.tools.federation,2,0.0,0.5,0.5
696,org.apache.hadoop.hdfs.tools.snapshot,2,0.0,0.5,0.5
697,org.apache.hadoop.http.lib,2,0.0,0.6666666666666666,0.33333333333333337
698,org.apache.hadoop.lib.service.hadoop,2,0.0,0.0,1.0
699,org.apache.hadoop.lib.service.instrumentation,2,0.0,0.5,0.5
700,org.apache.hadoop.lib.service.scheduler,2,0.0,0.5,0.5
701,org.apache.hadoop.mapred.nativetask.compresstest,2,0.0,0.0,1.0
702,org.apache.hadoop.mapred.nativetask.nonsorttest,2,0.0,0.0,1.0
703,org.apache.hadoop.mapreduce.tools,2,0.0,0.6,0.4
704,org.apache.hadoop.mapreduce.v2.hs.protocolPB,2,0.0,0.5,0.5
705,org.apache.hadoop.mapreduce.v2.hs.server,2,0.0,0.3333333333333333,0.6666666666666667
706,org.apache.hadoop.maven.plugin.cmakebuilder,2,0.0,0.0,1.0
707,org.apache.hadoop.maven.plugin.shade.resource,2,0.0,0.0,1.0
708,org.apache.hadoop.maven.plugin.util,2,0.0,0.6666666666666666,0.33333333333333337
709,org.apache.hadoop.ozone.client.protocol,2,0.5,0.9444444444444444,0.4444444444444444
710,org.apache.hadoop.ozone.container,2,0.0,0.8947368421052632,0.10526315789473684
711,org.apache.hadoop.ozone.container.common.states,2,0.5,1.0,0.5
712,org.apache.hadoop.ozone.container.keyvalue.statemachine.background,2,0.0,0.0,1.0
713,org.apache.hadoop.ozone.om.exceptions,2,0.0,1.0,0.0
714,org.apache.hadoop.ozone.om.protocol,2,0.5,0.75,0.25
715,org.apache.hadoop.ozone.scm.cli,2,0.0,0.6666666666666666,0.33333333333333337
716,org.apache.hadoop.ozone.web.exceptions,2,0.0,0.9090909090909091,0.09090909090909094
717,org.apache.hadoop.ozone.web.request,2,0.0,0.875,0.125
718,org.apache.hadoop.ozone.web.storage,2,0.0,0.3333333333333333,0.6666666666666667
719,org.apache.hadoop.ozone.web.userauth,2,0.0,0.5,0.5
720,org.apache.hadoop.registry.cli,2,0.0,0.0,1.0
721,org.apache.hadoop.registry.client.types.yarn,2,0.5,0.9230769230769231,0.42307692307692313
722,org.apache.hadoop.registry.conf,2,0.0,0.8,0.19999999999999996
723,org.apache.hadoop.registry.server.integration,2,0.0,0.5,0.5
724,org.apache.hadoop.resourceestimator.common.exception,2,0.0,1.0,0.0
725,org.apache.hadoop.resourceestimator.skylinestore.validator,2,0.0,0.5,0.5
726,org.apache.hadoop.resourceestimator.solver.api,2,0.5,0.8333333333333334,0.3333333333333335
727,org.apache.hadoop.resourceestimator.solver.preprocess,2,0.0,0.5,0.5
728,org.apache.hadoop.resourceestimator.translator.exceptions,2,0.0,1.0,0.0
729,org.apache.hadoop.resourceestimator.translator.validator,2,0.0,0.5,0.5
730,org.apache.hadoop.tools.contract,2,0.5,0.7777777777777778,0.2777777777777777
731,org.apache.hadoop.yarn.api.records.impl,2,0.0,0.6,0.4
732,org.apache.hadoop.yarn.applications.unmanagedamlauncher,2,0.0,0.0,1.0
733,org.apache.hadoop.yarn.csi.utils,2,0.0,1.0,0.0
734,org.apache.hadoop.yarn.security.admin,2,0.0,0.0,1.0
735,org.apache.hadoop.yarn.server.federation.policies.dao,2,0.0,0.9545454545454546,0.045454545454545414
736,org.apache.hadoop.yarn.server.nodemanager.collectormanager,2,0.0,0.3333333333333333,0.6666666666666667
737,org.apache.hadoop.yarn.server.nodemanager.containermanager.deletion.recovery,2,0.0,0.6,0.4
738,org.apache.hadoop.yarn.server.nodemanager.logaggregation.tracker,2,0.0,0.7142857142857143,0.2857142857142857
739,org.apache.hadoop.yarn.server.nodemanager.metrics,2,0.0,0.9310344827586207,0.06896551724137934
740,org.apache.hadoop.yarn.server.nodemanager.scheduler,2,0.0,0.3333333333333333,0.6666666666666667
741,org.apache.hadoop.yarn.server.resourcemanager.scheduler.common.fica,2,0.0,0.9661016949152542,0.03389830508474578
742,org.apache.hadoop.yarn.server.resourcemanager.timelineservice,2,0.0,0.8461538461538461,0.15384615384615385
743,org.apache.hadoop.yarn.server.resourcemanager.volume.csi.processor,2,0.0,0.5,0.5
744,org.apache.hadoop.yarn.server.security.http,2,0.0,0.6666666666666666,0.33333333333333337
745,org.apache.hadoop.yarn.server.service,2,0.5,0.6666666666666666,0.16666666666666652
746,org.apache.hadoop.yarn.server.util.timeline,2,0.0,0.6,0.4
747,org.apache.hadoop.yarn.service.impl.pb.service,2,0.5,0.5,0.0
748,org.apache.hadoop.yarn.service.registry,2,0.0,0.8,0.19999999999999996
749,org.apache.hadoop.yarn.sls.utils,2,0.0,0.6666666666666666,0.33333333333333337
750,org.apache.hadoop.yarn.sls.web,2,0.0,0.3333333333333333,0.6666666666666667
751,org.apache.hadoop.yarn.submarine.client.cli.yarnservice,2,0.0,0.0,1.0
752,org.apache.hadoop.yarn.submarine.common.api.builder,2,0.0,0.3333333333333333,0.6666666666666667
753,org.apache.hadoop.yarn.submarine.common.conf,2,0.0,0.8888888888888888,0.11111111111111116
754,org.apache.hadoop.yarn.submarine.common.exception,2,0.0,1.0,0.0
755,org.apache.hadoop.yarn.util.timeline,2,0.0,0.9354838709677419,0.06451612903225812
756,org.apache.hadoop.yarn.webapp.test,2,0.0,0.9444444444444444,0.05555555555555558
757,org.apache.ratis,2,0.5,0.75,0.25
758,org.apache.hadoop.example,1,0.0,0.0,1.0
759,org.apache.hadoop.fs.azurebfs.contracts,1,0.0,0.0,1.0
760,org.apache.hadoop.hdds.scm.container.placement,1,0.0,1.0,0.0
761,org.apache.hadoop.hdds.scm.ratis,1,0.0,NaN,NaN
762,org.apache.hadoop.hdfs.crypto,1,0.0,0.0,1.0
763,org.apache.hadoop.hdfs.server.namenode.top.metrics,1,0.0,0.8,0.19999999999999996
764,org.apache.hadoop.http.resource,1,0.0,0.6666666666666666,0.33333333333333337
765,org.apache.hadoop.io.erasurecode.coder.util,1,0.0,0.6666666666666666,0.33333333333333337
766,org.apache.hadoop.io.erasurecode.grouper,1,0.0,0.5,0.5
767,org.apache.hadoop.log.metrics,1,0.0,0.5,0.5
768,org.apache.hadoop.mapreduce.security.ssl,1,0.0,0.0,1.0
769,org.apache.hadoop.mapreduce.server.jobtracker,1,1.0,0.9565217391304348,0.9565217391304348
770,org.apache.hadoop.mapreduce.server.tasktracker,1,1.0,0.875,0.875
771,org.apache.hadoop.mapreduce.task.annotation,1,0.0,0.75,0.25
772,org.apache.hadoop.mapreduce.v2.hs.client,1,0.0,0.5,0.5
773,org.apache.hadoop.mapreduce.v2.security,1,0.0,0.0,1.0
774,org.apache.hadoop.maven.plugin.paralleltests,1,0.0,0.0,1.0
775,org.apache.hadoop.maven.plugin.resourcegz,1,0.0,0.0,1.0
776,org.apache.hadoop.maven.plugin.versioninfo,1,0.0,0.0,1.0
777,org.apache.hadoop.ozone.client.rest.exceptions,1,0.0,NaN,NaN
778,org.apache.hadoop.ozone.container.metrics,1,0.0,0.0,1.0
779,org.apache.hadoop.ozone.container.server,1,0.0,0.0,1.0
780,org.apache.hadoop.ozone.ozShell,1,0.0,0.5,0.5
781,org.apache.hadoop.ozone.scm.node,1,0.0,0.0,1.0
782,org.apache.hadoop.ozone.util,1,0.0,0.0,1.0
783,org.apache.hadoop.ozone.web.localstorage,1,0.0,NaN,NaN
784,org.apache.hadoop.registry.integration,1,0.0,0.0,1.0
785,org.apache.hadoop.registry.operations,1,0.0,0.5,0.5
786,org.apache.hadoop.registry.server,1,0.0,NaN,NaN
787,org.apache.hadoop.security.authentication,1,0.0,0.9285714285714286,0.0714285714285714
788,org.apache.hadoop.yarn.csi,1,0.0,NaN,NaN
789,org.apache.hadoop.yarn.proto,1,1.0,0.9830508474576272,0.9830508474576272
790,org.apache.hadoop.yarn.resourcetypes,1,0.0,0.75,0.25
791,org.apache.hadoop.yarn.server.nodemanager.api.impl.pb.client,1,0.0,0.0,1.0
792,org.apache.hadoop.yarn.server.nodemanager.api.impl.pb.service,1,0.0,0.0,1.0
793,org.apache.hadoop.yarn.server.nodemanager.security.authorize,1,0.0,0.75,0.25
794,org.apache.hadoop.yarn.server.records,1,1.0,0.9714285714285714,0.9714285714285715
795,org.apache.hadoop.yarn.server.records.impl.pb,1,0.0,0.9285714285714286,0.0714285714285714
796,org.apache.hadoop.yarn.server.resourcemanager.logaggregationstatus,1,0.0,0.0,1.0
797,org.apache.hadoop.yarn.server.resourcemanager.scheduler.capacit,1,0.0,0.0,1.0
798,org.apache.hadoop.yarn.server.resourcemanager.security.authorize,1,0.0,0.8,0.19999999999999996
799,org.apache.hadoop.yarn.server.resourcemanager.volume,1,0.0,0.0,1.0
800,org.apache.hadoop.yarn.server.sharedcache,1,0.0,0.8,0.19999999999999996
801,org.apache.hadoop.yarn.server.timeline.recovery.records,1,0.0,0.5,0.5
802,org.apache.hadoop.yarn.server.timeline.security.authorize,1,0.0,0.5,0.5
803,org.apache.hadoop.yarn.server.timeline.util,1,0.0,0.5,0.5
804,org.apache.hadoop.yarn.service.api,1,1.0,0.6666666666666666,0.6666666666666665
805,org.apache.hadoop.yarn.service.impl.pb.client,1,0.0,0.0,1.0
806,org.apache.hadoop.yarn.sls.conf,1,0.0,0.875,0.125
807,org.apache.hadoop.yarn.sls.resourcemanager,1,0.0,0.5,0.5
808,org.apache.hadoop.yarn.submarine.runtimes,1,1.0,0.8571428571428571,0.8571428571428572
809,testshell,1,0.0,0.0,1.0
